Position,Name + ID,Name,ID,Roster Position,Salary,Game Info,TeamAbbrev,AvgPointsPerGame
G,Bryson DeChambeau (14695907),Bryson DeChambeau,14695907,G,11700,Rocket Mortgage Classic,Golf,83.42
G,Webb Simpson (14695908),Webb Simpson,14695908,G,11000,Rocket Mortgage Classic,Golf,95.88
G,Tyrrell Hatton (14695909),Tyrrell Hatton,14695909,G,10700,Rocket Mortgage Classic,Golf,97.5
G,Patrick Reed (14695910),Patrick Reed,14695910,G,10500,Rocket Mortgage Classic,Golf,78.92
G,Hideki Matsuyama (14695911),Hideki Matsuyama,14695911,G,10200,Rocket Mortgage Classic,Golf,77.88
G,Viktor Hovland (14695912),Viktor Hovland,14695912,G,10000,Rocket Mortgage Classic,Golf,67.32
G,Sungjae Im (14695913),Sungjae Im,14695913,G,9800,Rocket Mortgage Classic,Golf,76.79
G,Rickie Fowler (14695914),Rickie Fowler,14695914,G,9500,Rocket Mortgage Classic,Golf,58.89
G,Tony Finau (14695915),Tony Finau,14695915,G,9300,Rocket Mortgage Classic,Golf,71.92
G,Bubba Watson (14695916),Bubba Watson,14695916,G,9200,Rocket Mortgage Classic,Golf,63.54
G,Kevin Na (14695917),Kevin Na,14695917,G,9100,Rocket Mortgage Classic,Golf,66.93
G,Scottie Scheffler (14695918),Scottie Scheffler,14695918,G,9000,Rocket Mortgage Classic,Golf,76.43
G,Rory Sabbatini (14695920),Rory Sabbatini,14695920,G,8800,Rocket Mortgage Classic,Golf,60.93
G,J.T. Poston (14695921),J.T. Poston,14695921,G,8700,Rocket Mortgage Classic,Golf,65.94
G,Jason Day (14695922),Jason Day,14695922,G,8600,Rocket Mortgage Classic,Golf,52.15
G,Doc Redman (14695923),Doc Redman,14695923,G,8500,Rocket Mortgage Classic,Golf,64.42
G,Lucas Glover (14695924),Lucas Glover,14695924,G,8400,Rocket Mortgage Classic,Golf,60.97
G,Christiaan Bezuidenhout (14695925),Christiaan Bezuidenhout,14695925,G,8300,Rocket Mortgage Classic,Golf,68.6
G,Adam Hadwin (14695926),Adam Hadwin,14695926,G,8200,Rocket Mortgage Classic,Golf,76.4
G,Rafa Cabrera Bello (14695927),Rafa Cabrera Bello,14695927,G,8100,Rocket Mortgage Classic,Golf,58.73
G,Kurt Kitayama (14702199),Kurt Kitayama,14702199,G,8100,Rocket Mortgage Classic,Golf,64.57
G,Erik Van Rooyen (14695928),Erik Van Rooyen,14695928,G,8000,Rocket Mortgage Classic,Golf,61.35
G,Brandt Snedeker (14695929),Brandt Snedeker,14695929,G,7900,Rocket Mortgage Classic,Golf,64.45
G,Brian Harman (14695930),Brian Harman,14695930,G,7900,Rocket Mortgage Classic,Golf,69.23
G,Alex Noren (14695931),Alex Noren,14695931,G,7800,Rocket Mortgage Classic,Golf,70.4
G,Brendon Todd (14695932),Brendon Todd,14695932,G,7800,Rocket Mortgage Classic,Golf,65.71
G,Kevin Kisner (14695933),Kevin Kisner,14695933,G,7700,Rocket Mortgage Classic,Golf,57.57
G,Branden Grace (14695934),Branden Grace,14695934,G,7700,Rocket Mortgage Classic,Golf,59.04
G,Maverick McNealy (14695935),Maverick McNealy,14695935,G,7600,Rocket Mortgage Classic,Golf,69.06
G,Harold Varner III (14695936),Harold Varner III,14695936,G,7600,Rocket Mortgage Classic,Golf,63.09
G,Scott Stallings (14695937),Scott Stallings,14695937,G,7500,Rocket Mortgage Classic,Golf,66.04
G,Joseph Bramlett (14695938),Joseph Bramlett,14695938,G,7500,Rocket Mortgage Classic,Golf,57.35
G,Brian Stuard (14695939),Brian Stuard,14695939,G,7400,Rocket Mortgage Classic,Golf,62.08
G,Patrick Rodgers (14695940),Patrick Rodgers,14695940,G,7400,Rocket Mortgage Classic,Golf,59.2
G,Wes Roach (14695941),Wes Roach,14695941,G,7300,Rocket Mortgage Classic,Golf,58.46
G,Keegan Bradley (14695942),Keegan Bradley,14695942,G,7300,Rocket Mortgage Classic,Golf,53.21
G,Will Gordon (14695943),Will Gordon,14695943,G,7300,Rocket Mortgage Classic,Golf,65.86
G,Si Woo Kim (14695944),Si Woo Kim,14695944,G,7200,Rocket Mortgage Classic,Golf,44.5
G,Mark Hubbard (14695945),Mark Hubbard,14695945,G,7200,Rocket Mortgage Classic,Golf,67.5
G,Chris Kirk (14695946),Chris Kirk,14695946,G,7200,Rocket Mortgage Classic,Golf,38.86
G,Emiliano Grillo (14695947),Emiliano Grillo,14695947,G,7100,Rocket Mortgage Classic,Golf,47.81
G,Kyle Stanley (14695948),Kyle Stanley,14695948,G,7100,Rocket Mortgage Classic,Golf,49.57
G,Sebastian Munoz (14695949),Sebastian Munoz,14695949,G,7100,Rocket Mortgage Classic,Golf,65.61
G,Michael Thompson (14695950),Michael Thompson,14695950,G,7100,Rocket Mortgage Classic,Golf,51.38
G,Talor Gooch (14695951),Talor Gooch,14695951,G,7000,Rocket Mortgage Classic,Golf,62.88
G,Tyler Duncan (14695952),Tyler Duncan,14695952,G,7000,Rocket Mortgage Classic,Golf,56.03
G,Peter Uihlein (14695953),Peter Uihlein,14695953,G,7000,Rocket Mortgage Classic,Golf,58.7
G,Tom Hoge (14695954),Tom Hoge,14695954,G,7000,Rocket Mortgage Classic,Golf,56.88
G,Charl Schwartzel (14695955),Charl Schwartzel,14695955,G,6900,Rocket Mortgage Classic,Golf,46.88
G,Patton Kizzire (14695956),Patton Kizzire,14695956,G,6900,Rocket Mortgage Classic,Golf,46.47
G,Seung-Yul Noh (14695957),Seung-Yul Noh,14695957,G,6900,Rocket Mortgage Classic,Golf,42.1
G,Ryan Armour (14695958),Ryan Armour,14695958,G,6900,Rocket Mortgage Classic,Golf,51.23
G,Sam Burns (14695959),Sam Burns,14695959,G,6900,Rocket Mortgage Classic,Golf,53.35
G,Tom Lewis (14695960),Tom Lewis,14695960,G,6800,Rocket Mortgage Classic,Golf,38.28
G,Lanto Griffin (14695961),Lanto Griffin,14695961,G,6800,Rocket Mortgage Classic,Golf,65.4
G,Jason Dufner (14695962),Jason Dufner,14695962,G,6800,Rocket Mortgage Classic,Golf,48.15
G,Chesson Hadley (14695963),Chesson Hadley,14695963,G,6800,Rocket Mortgage Classic,Golf,61.61
G,Matthew Wolff (14695964),Matthew Wolff,14695964,G,6800,Rocket Mortgage Classic,Golf,54.88
G,Harry Higgs (14695965),Harry Higgs,14695965,G,6800,Rocket Mortgage Classic,Golf,64.53
G,Adam Schenk (14695966),Adam Schenk,14695966,G,6700,Rocket Mortgage Classic,Golf,51.75
G,Andrew Putnam (14695967),Andrew Putnam,14695967,G,6700,Rocket Mortgage Classic,Golf,52.68
G,Beau Hossler (14695968),Beau Hossler,14695968,G,6700,Rocket Mortgage Classic,Golf,57.72
G,Sepp Straka (14695969),Sepp Straka,14695969,G,6700,Rocket Mortgage Classic,Golf,42.58
G,Aaron Wise (14695970),Aaron Wise,14695970,G,6700,Rocket Mortgage Classic,Golf,50.08
G,Matt Wallace (14695971),Matt Wallace,14695971,G,6700,Rocket Mortgage Classic,Golf,47.9
G,Luke List (14695972),Luke List,14695972,G,6700,Rocket Mortgage Classic,Golf,53.2
G,Danny Willett (14695973),Danny Willett,14695973,G,6600,Rocket Mortgage Classic,Golf,43.5
G,Jimmy Walker (14695974),Jimmy Walker,14695974,G,6600,Rocket Mortgage Classic,Golf,46.04
G,Russell Knox (14695975),Russell Knox,14695975,G,6600,Rocket Mortgage Classic,Golf,53.94
G,Kevin Chappell (14695976),Kevin Chappell,14695976,G,6600,Rocket Mortgage Classic,Golf,50.79
G,Nate Lashley (14695977),Nate Lashley,14695977,G,6600,Rocket Mortgage Classic,Golf,48.25
G,Ben Martin (14695978),Ben Martin,14695978,G,6600,Rocket Mortgage Classic,Golf,53.61
G,Wyndham Clark (14695979),Wyndham Clark,14695979,G,6600,Rocket Mortgage Classic,Golf,52.78
G,Cameron Tringale (14695980),Cameron Tringale,14695980,G,6600,Rocket Mortgage Classic,Golf,64.65
G,James Hahn (14695981),James Hahn,14695981,G,6500,Rocket Mortgage Classic,Golf,53.2
G,Cameron Percy (14695982),Cameron Percy,14695982,G,6500,Rocket Mortgage Classic,Golf,56
G,Henrik Norlander (14695983),Henrik Norlander,14695983,G,6500,Rocket Mortgage Classic,Golf,53.85
G,Matt Jones (14695984),Matt Jones,14695984,G,6500,Rocket Mortgage Classic,Golf,56.82
G,Richy Werenski (14695985),Richy Werenski,14695985,G,6500,Rocket Mortgage Classic,Golf,60.1
G,Brandon Hagy (14695986),Brandon Hagy,14695986,G,6500,Rocket Mortgage Classic,Golf,47
G,Pat Perez (14695987),Pat Perez,14695987,G,6500,Rocket Mortgage Classic,Golf,60.17
G,Wesley Bryan (14695988),Wesley Bryan,14695988,G,6500,Rocket Mortgage Classic,Golf,75.75
G,Sam Ryder (14695989),Sam Ryder,14695989,G,6500,Rocket Mortgage Classic,Golf,52.68
G,Cameron Davis (14695990),Cameron Davis,14695990,G,6500,Rocket Mortgage Classic,Golf,56.57
G,C.T. Pan (14695991),C.T. Pan,14695991,G,6400,Rocket Mortgage Classic,Golf,41.46
G,Grayson Murray (14695992),Grayson Murray,14695992,G,6400,Rocket Mortgage Classic,Golf,48.41
G,Sahith Theegala (14695993),Sahith Theegala,14695993,G,6400,Rocket Mortgage Classic,Golf,28.5
G,Jamie Lovemark (14695994),Jamie Lovemark,14695994,G,6400,Rocket Mortgage Classic,Golf,42.25
G,Robert Streb (14695996),Robert Streb,14695996,G,6400,Rocket Mortgage Classic,Golf,50.07
G,Josh Teater (14695997),Josh Teater,14695997,G,6400,Rocket Mortgage Classic,Golf,48.86
G,Troy Merritt (14695998),Troy Merritt,14695998,G,6400,Rocket Mortgage Classic,Golf,54.93
G,Kristoffer Ventura (14695999),Kristoffer Ventura,14695999,G,6400,Rocket Mortgage Classic,Golf,49.04
G,Hudson Swafford (14696000),Hudson Swafford,14696000,G,6400,Rocket Mortgage Classic,Golf,53.71
G,Kyoung-Hoon Lee (14696001),Kyoung-Hoon Lee,14696001,G,6300,Rocket Mortgage Classic,Golf,46.95
G,Peter Malnati (14696002),Peter Malnati,14696002,G,6300,Rocket Mortgage Classic,Golf,46.12
G,Steve Stricker (14696003),Steve Stricker,14696003,G,6300,Rocket Mortgage Classic,Golf,38.75
G,Chris Stroud (14696004),Chris Stroud,14696004,G,6300,Rocket Mortgage Classic,Golf,45.81
G,Luke Donald (14696005),Luke Donald,14696005,G,6300,Rocket Mortgage Classic,Golf,51.93
G,J.J. Spaun (14696006),J.J. Spaun,14696006,G,6300,Rocket Mortgage Classic,Golf,47.27
G,Kevin Tway (14696007),Kevin Tway,14696007,G,6300,Rocket Mortgage Classic,Golf,43.75
G,Vincent Whaley (14696008),Vincent Whaley,14696008,G,6300,Rocket Mortgage Classic,Golf,46.86
G,Shawn Stefani (14696009),Shawn Stefani,14696009,G,6300,Rocket Mortgage Classic,Golf,66
G,Tyler McCumber (14696010),Tyler McCumber,14696010,G,6300,Rocket Mortgage Classic,Golf,53.63
G,Austin Cook (14696011),Austin Cook,14696011,G,6300,Rocket Mortgage Classic,Golf,47.7
G,Chandler Phillips (14702200),Chandler Phillips,14702200,G,6300,Rocket Mortgage Classic,Golf,40.5
G,Aaron Baddeley (14696012),Aaron Baddeley,14696012,G,6200,Rocket Mortgage Classic,Golf,52.12
G,Zack Sucher (14696013),Zack Sucher,14696013,G,6200,Rocket Mortgage Classic,Golf,52.4
G,Fabian Gomez (14696014),Fabian Gomez,14696014,G,6200,Rocket Mortgage Classic,Golf,55.07
G,Ted Potter Jr. (14696015),Ted Potter Jr.,14696015,G,6200,Rocket Mortgage Classic,Golf,40.79
G,Tim Wilkinson (14696016),Tim Wilkinson,14696016,G,6200,Rocket Mortgage Classic,Golf,54.23
G,Hank Lebioda (14696017),Hank Lebioda,14696017,G,6200,Rocket Mortgage Classic,Golf,48.03
G,Bo Hoag (14696018),Bo Hoag,14696018,G,6200,Rocket Mortgage Classic,Golf,55.63
G,Bill Haas (14696019),Bill Haas,14696019,G,6200,Rocket Mortgage Classic,Golf,51.91
G,Bronson Burgoon (14696020),Bronson Burgoon,14696020,G,6200,Rocket Mortgage Classic,Golf,53.68
G,Zac Blair (14696021),Zac Blair,14696021,G,6200,Rocket Mortgage Classic,Golf,51.94
G,Chase Seiffert (14696022),Chase Seiffert,14696022,G,6200,Rocket Mortgage Classic,Golf,58.31
G,Scott Brown (14696023),Scott Brown,14696023,G,6200,Rocket Mortgage Classic,Golf,45.92
G,Roger Sloan (14696024),Roger Sloan,14696024,G,6200,Rocket Mortgage Classic,Golf,39.87
G,Scott Harrington (14696025),Scott Harrington,14696025,G,6100,Rocket Mortgage Classic,Golf,50.84
G,Matt Every (14696026),Matt Every,14696026,G,6100,Rocket Mortgage Classic,Golf,41
G,Rhein Gibson (14696027),Rhein Gibson,14696027,G,6100,Rocket Mortgage Classic,Golf,58.42
G,Jonathan Byrd (14696028),Jonathan Byrd,14696028,G,6100,Rocket Mortgage Classic,Golf,38.93
G,Arjun Atwal (14696029),Arjun Atwal,14696029,G,6100,Rocket Mortgage Classic,Golf,38
G,Chris Baker (14696030),Chris Baker,14696030,G,6100,Rocket Mortgage Classic,Golf,42.5
G,Mark Anderson (14696031),Mark Anderson,14696031,G,6100,Rocket Mortgage Classic,Golf,53.27
G,Brian Gay (14696032),Brian Gay,14696032,G,6100,Rocket Mortgage Classic,Golf,54.71
G,Roberto Castro (14696033),Roberto Castro,14696033,G,6100,Rocket Mortgage Classic,Golf,49.21
G,Nelson Ledesma (14696034),Nelson Ledesma,14696034,G,6100,Rocket Mortgage Classic,Golf,41.65
G,Lucas Bjerregaard (14696035),Lucas Bjerregaard,14696035,G,6100,Rocket Mortgage Classic,Golf,36.12
G,Greg Chalmers (14696036),Greg Chalmers,14696036,G,6100,Rocket Mortgage Classic,Golf,42.08
G,Ryan Blaum (14696037),Ryan Blaum,14696037,G,6100,Rocket Mortgage Classic,Golf,26.75
G,Xinjun Zhang (14696038),Xinjun Zhang,14696038,G,6100,Rocket Mortgage Classic,Golf,58.97
G,Rob Oppenheim (14696039),Rob Oppenheim,14696039,G,6100,Rocket Mortgage Classic,Golf,52.47
G,Johnson Wagner (14696040),Johnson Wagner,14696040,G,6100,Rocket Mortgage Classic,Golf,42.07
G,John Senden (14696041),John Senden,14696041,G,6000,Rocket Mortgage Classic,Golf,37.05
G,David Hearn (14696042),David Hearn,14696042,G,6000,Rocket Mortgage Classic,Golf,50.18
G,Ricky Barnes (14696043),Ricky Barnes,14696043,G,6000,Rocket Mortgage Classic,Golf,56.94
G,Kramer Hickok (14696044),Kramer Hickok,14696044,G,6000,Rocket Mortgage Classic,Golf,41.36
G,Ben Taylor (14696045),Ben Taylor,14696045,G,6000,Rocket Mortgage Classic,Golf,46.19
G,Sebastian Cappelen (14696046),Sebastian Cappelen,14696046,G,6000,Rocket Mortgage Classic,Golf,52.57
G,Michael Kim (14696047),Michael Kim,14696047,G,6000,Rocket Mortgage Classic,Golf,24.35
G,Bo Van Pelt (14696048),Bo Van Pelt,14696048,G,6000,Rocket Mortgage Classic,Golf,31.85
G,Dominic Bozzelli (14696049),Dominic Bozzelli,14696049,G,6000,Rocket Mortgage Classic,Golf,54.25
G,Peter Kuest (14696050),Peter Kuest,14696050,G,6000,Rocket Mortgage Classic,Golf,26
G,Seamus Power (14696051),Seamus Power,14696051,G,6000,Rocket Mortgage Classic,Golf,59.14
G,Michael Gellerman (14696052),Michael Gellerman,14696052,G,6000,Rocket Mortgage Classic,Golf,45.54
G,Michael Gligic (14696053),Michael Gligic,14696053,G,6000,Rocket Mortgage Classic,Golf,42.68
G,Martin Trainer (14696054),Martin Trainer,14696054,G,6000,Rocket Mortgage Classic,Golf,28.06
G,D.J. Trahan (14696055),D.J. Trahan,14696055,G,6000,Rocket Mortgage Classic,Golf,56.79
G,Vijay Singh (14696056),Vijay Singh,14696056,G,6000,Rocket Mortgage Classic,Golf,20.1
G,Ryan Brehm (14696057),Ryan Brehm,14696057,G,6000,Rocket Mortgage Classic,Golf,54
G,Doug Ghim (14696058),Doug Ghim,14696058,G,6000,Rocket Mortgage Classic,Golf,41
G,James Nicholas (14696059),James Nicholas,14696059,G,6000,Rocket Mortgage Classic,Golf,0
G,Robby Shelton (14696060),Robby Shelton,14696060,G,6000,Rocket Mortgage Classic,Golf,52.03
G,Donnie Trosper (14702201),Donnie Trosper,14702201,G,6000,Rocket Mortgage Classic,Golf,0
G,George McNeill (14702202),George McNeill,14702202,G,6000,Rocket Mortgage Classic,Golf,44.12
